class,precision,recall,f1_score,support
ham,0.989899,0.989899,0.989899,792
spam,0.976945,0.976945,0.976945,347
macro avg,0.983422,0.983422,0.983422,1139
weighted avg,0.985953,0.985953,0.985953,1139
accuracy,,,0.985953,1139
