precision_spam,recall_spam,f1_spam,accuracy,tn,fp,fn,tp
0.98,0.98989898989899,0.9849246231155779,0.9912790697674418,729,6,3,294
