precision_spam,recall_spam,f1_spam,accuracy,tn,fp,fn,tp,model,best_params,cv_best_f1
0.0,0.0,0.0,0.6934628975265018,785,0,347,0,majority,,
0.6116838487972509,0.5129682997118156,0.5579937304075235,0.7508833922261484,672,113,169,178,keyword,,
0.9633802816901409,0.9855907780979827,0.9743589743589743,0.9840989399293286,772,13,5,342,nb,"{""clf__alpha"": 0.1}",0.9719476785144167
0.9855072463768116,0.9798270893371758,0.9826589595375722,0.9893992932862191,780,5,7,340,svm,"{""clf__C"": 1.0}",0.9812406643303474
